Tanggal,Terakhir,Pembukaan,Tertinggi,Terendah,Vol.,Perubahan%
06/02/2023,4.938,4.963,5.025,4.875,"109,10M","-0,50%"
07/02/2023,5.088,4.975,5.113,4.95,"118,13M","3,04%"
08/02/2023,5.1,5.063,5.113,5.05,"75,66M","0,25%"
09/02/2023,5.125,5.15,5.2,5.125,"108,52M","0,49%"
10/02/2023,5.15,5.225,5.225,5.075,"81,11M","0,49%"
13/02/2023,5.175,5.275,5.275,5.125,"47,97M","0,49%"
14/02/2023,5.188,5.225,5.225,5.138,"32,26M","0,24%"
15/02/2023,5.113,5.15,5.175,5.05,"90,23M","-1,45%"
16/02/2023,5.088,5.113,5.138,5.063,"49,61M","-0,49%"
17/02/2023,5.15,5.088,5.15,5.05,"49,80M","1,23%"
20/02/2023,5.138,5.15,5.15,5.1,"40,95M","-0,24%"
21/02/2023,5.1,5.15,5.15,5.088,"52,60M","-0,73%"
22/02/2023,5.0,5.063,5.088,4.975,"90,13M","-1,96%"
23/02/2023,5.038,4.988,5.05,4.963,"177,53M","0,75%"
24/02/2023,5.063,5.063,5.113,5.038,"63,51M","0,50%"
27/02/2023,5.075,5.038,5.075,5.025,"39,61M","0,25%"
28/02/2023,5.0,5.038,5.075,5.0,"146,44M","-1,48%"
01/03/2023,5.05,5.075,5.1,5.025,"89,57M","1,00%"
02/03/2023,5.113,5.075,5.15,5.075,"73,02M","1,24%"
03/03/2023,5.025,5.1,5.125,5.013,"88,63M","-1,71%"
06/03/2023,5.063,5.088,5.113,5.038,"53,84M","0,75%"
07/03/2023,5.088,5.075,5.138,5.063,"70,48M","0,49%"
08/03/2023,5.138,5.125,5.138,5.088,"87,87M","0,98%"
09/03/2023,5.225,5.2,5.25,5.175,"83,29M","1,70%"
10/03/2023,5.188,5.213,5.213,5.138,"111,42M","-0,72%"
13/03/2023,5.175,5.138,5.188,5.113,"92,83M","-0,24%"
14/03/2023,4.963,5.1,5.138,4.925,"192,77M","-4,11%"
15/03/2023,5.025,5.025,5.088,4.925,"233,24M","1,26%"
16/03/2023,4.925,5.038,5.038,4.913,"124,90M","-1,99%"
17/03/2023,5.05,4.975,5.063,4.963,"175,66M","2,54%"
20/03/2023,5.0,5.025,5.05,5.0,"46,45M","-0,99%"
21/03/2023,5.25,5.05,5.25,5.038,"116,46M","5,00%"
24/03/2023,5.45,5.313,5.475,5.288,"263,58M","3,81%"
27/03/2023,5.1,5.2,5.213,5.1,"152,30M","-6,42%"
28/03/2023,5.063,5.1,5.138,5.05,"86,37M","-0,74%"
29/03/2023,5.175,5.125,5.188,5.1,"88,21M","2,22%"
30/03/2023,5.113,5.175,5.2,5.113,"97,19M","-1,21%"
31/03/2023,5.163,5.138,5.163,5.1,"95,56M","0,98%"
03/04/2023,5.263,5.2,5.263,5.2,"92,31M","1,94%"
04/04/2023,5.2,5.25,5.3,5.1,"84,14M","-1,19%"
05/04/2023,5.225,5.15,5.25,5.15,"43,37M","0,48%"
06/04/2023,5.175,5.225,5.225,5.15,"48,18M","-0,96%"
10/04/2023,5.1,5.15,5.175,5.05,"67,02M","-1,45%"
11/04/2023,5.1,5.1,5.1,5.05,"37,78M","0,00%"
12/04/2023,5.15,5.1,5.225,5.1,"95,91M","0,98%"
13/04/2023,5.125,5.175,5.2,5.125,"89,93M","-0,49%"
14/04/2023,5.225,5.15,5.25,5.15,"123,63M","1,95%"
17/04/2023,5.125,5.225,5.25,5.125,"95,83M","-1,91%"
18/04/2023,5.175,5.15,5.25,5.125,"107,12M","0,98%"
26/04/2023,5.2,5.4,5.425,5.175,"207,34M","0,48%"
27/04/2023,5.2,5.175,5.225,5.175,"66,31M","0,00%"
28/04/2023,5.175,5.225,5.225,5.15,"116,96M","-0,48%"
02/05/2023,5.25,5.25,5.25,5.175,"117,68M","1,45%"
03/05/2023,5.225,5.25,5.25,5.15,"92,72M","-0,48%"
04/05/2023,5.175,5.175,5.225,5.125,"92,25M","-0,96%"
05/05/2023,5.175,5.175,5.2,5.125,"55,13M","0,00%"
08/05/2023,5.125,5.175,5.2,5.125,"64,68M","-0,97%"
09/05/2023,5.05,5.1,5.125,5.05,"94,10M","-1,46%"
10/05/2023,5.075,5.05,5.125,5.05,"58,17M","0,50%"
11/05/2023,5.1,5.075,5.1,5.025,"63,61M","0,49%"
12/05/2023,5.0,5.075,5.075,5.0,"90,82M","-1,96%"
15/05/2023,5.05,5.05,5.05,5.0,"65,31M","1,00%"
16/05/2023,4.99,5.075,5.075,4.98,"46,89M","-1,19%"
17/05/2023,5.0,4.99,5.075,4.98,"63,52M","0,20%"
19/05/2023,5.075,5.075,5.1,5.025,"71,45M","1,50%"
22/05/2023,5.225,5.1,5.25,5.075,"120,29M","2,96%"
23/05/2023,5.125,5.2,5.25,5.1,"140,09M","-1,91%"
24/05/2023,5.075,5.125,5.15,5.05,"114,27M","-0,98%"
25/05/2023,5.175,5.05,5.175,5.05,"66,33M","1,97%"
26/05/2023,5.125,5.175,5.2,5.1,"42,31M","-0,97%"
29/05/2023,5.15,5.175,5.175,5.1,"60,65M","0,49%"
30/05/2023,5.15,5.1,5.2,5.1,"60,30M","0,00%"
31/05/2023,5.05,5.175,5.2,5.05,"242,45M","-1,94%"
05/06/2023,5.075,5.1,5.15,5.075,"149,19M","0,50%"
06/06/2023,5.05,5.05,5.1,4.95,"244,62M","-0,49%"
07/06/2023,5.025,5.0,5.075,5.0,"115,94M","-0,50%"
08/06/2023,5.025,5.0,5.075,5.0,"173,48M","0,00%"
09/06/2023,5.125,5.025,5.125,5.0,"151,34M","1,99%"
12/06/2023,5.1,5.1,5.125,5.05,"91,08M","-0,49%"
13/06/2023,5.1,5.1,5.175,5.05,"143,80M","0,00%"
14/06/2023,5.05,5.125,5.15,5.05,"96,67M","-0,98%"
15/06/2023,5.125,5.05,5.15,5.05,"94,10M","1,49%"
16/06/2023,5.15,5.125,5.15,5.075,"103,94M","0,49%"
19/06/2023,5.125,5.1,5.15,5.1,"36,21M","-0,49%"
20/06/2023,5.1,5.1,5.125,5.05,"44,32M","-0,49%"
21/06/2023,5.1,5.05,5.1,5.05,"58,52M","0,00%"
22/06/2023,5.075,5.1,5.15,5.075,"60,46M","-0,49%"
23/06/2023,5.075,5.075,5.125,5.05,"47,28M","0,00%"
26/06/2023,5.125,5.1,5.175,5.075,"74,26M","0,99%"
27/06/2023,5.2,5.175,5.25,5.15,"101,61M","1,46%"
03/07/2023,5.35,5.125,5.35,5.125,"227,36M","2,88%"
04/07/2023,5.25,5.4,5.4,5.225,"119,84M","-1,87%"
05/07/2023,5.275,5.3,5.325,5.25,"78,43M","0,48%"
06/07/2023,5.3,5.3,5.35,5.25,"90,98M","0,47%"
07/07/2023,5.15,5.275,5.3,5.15,"128,52M","-2,83%"
10/07/2023,5.175,5.175,5.225,5.15,"82,69M","0,49%"
11/07/2023,5.275,5.2,5.3,5.175,"100,58M","1,93%"
12/07/2023,5.3,5.3,5.375,5.25,"123,95M","0,47%"
13/07/2023,5.35,5.375,5.375,5.275,"101,28M","0,94%"
14/07/2023,5.4,5.4,5.425,5.35,"122,34M","0,93%"
17/07/2023,5.375,5.425,5.475,5.375,"99,90M","-0,46%"
18/07/2023,5.35,5.375,5.425,5.3,"84,11M","-0,47%"
20/07/2023,5.525,5.4,5.55,5.4,"132,05M","3,27%"
21/07/2023,5.55,5.55,5.575,5.45,"111,28M","0,45%"
24/07/2023,5.5,5.55,5.625,5.5,"54,87M","-0,90%"
25/07/2023,5.55,5.55,5.575,5.5,"65,24M","0,91%"
26/07/2023,5.575,5.55,5.6,5.525,"88,53M","0,45%"
27/07/2023,5.625,5.575,5.7,5.575,"86,56M","0,90%"
28/07/2023,5.7,5.625,5.725,5.625,"121,97M","1,33%"
31/07/2023,5.725,5.8,5.8,5.625,"189,38M","0,44%"
01/08/2023,5.65,5.65,5.725,5.6,"114,70M","-1,31%"
02/08/2023,5.7,5.625,5.75,5.6,"133,55M","0,88%"
03/08/2023,5.8,5.725,5.825,5.7,"68,59M","1,75%"
04/08/2023,5.775,5.8,5.825,5.75,"47,14M","-0,43%"
07/08/2023,5.875,5.85,5.925,5.825,"104,34M","1,73%"
08/08/2023,5.9,5.9,5.95,5.875,"83,48M","0,43%"
09/08/2023,5.9,5.9,5.95,5.85,"64,50M","0,00%"
10/08/2023,5.975,5.925,6.0,5.9,"78,94M","1,27%"
11/08/2023,5.925,5.975,6.025,5.9,"46,57M","-0,84%"
14/08/2023,5.95,5.925,5.95,5.8,"86,46M","0,42%"
15/08/2023,5.8,5.9,5.925,5.8,"116,82M","-2,52%"
16/08/2023,5.8,5.775,5.8,5.675,"190,59M","0,00%"
18/08/2023,5.775,5.725,5.825,5.725,"104,89M","-0,43%"
21/08/2023,5.825,5.8,5.875,5.8,"61,85M","0,87%"
22/08/2023,5.95,5.8,5.95,5.8,"93,62M","2,15%"
23/08/2023,5.85,5.95,5.95,5.85,"40,84M","-1,68%"
24/08/2023,5.95,5.9,5.95,5.875,"42,65M","1,71%"
25/08/2023,5.9,5.9,5.925,5.825,"65,09M","-0,84%"
28/08/2023,6.0,5.95,6.025,5.9,"63,98M","1,69%"
29/08/2023,5.95,6.0,6.025,5.95,"50,84M","-0,83%"
30/08/2023,5.975,5.925,6.1,5.925,"65,73M","0,42%"
31/08/2023,6.025,6.0,6.075,5.9,"159,06M","0,84%"
01/09/2023,6.075,6.075,6.125,6.05,"50,80M","0,83%"
04/09/2023,6.1,6.075,6.15,6.05,"56,32M","0,41%"
05/09/2023,6.1,6.1,6.15,6.075,"24,89M","0,00%"
06/09/2023,6.05,6.05,6.125,6.05,"40,55M","-0,82%"
07/09/2023,5.875,6.0,6.025,5.825,"124,35M","-2,89%"
08/09/2023,5.9,5.9,5.925,5.775,"81,98M","0,43%"
11/09/2023,5.925,5.9,5.925,5.825,"74,51M","0,42%"
12/09/2023,5.875,5.95,5.95,5.85,"54,08M","-0,84%"
13/09/2023,5.85,5.825,5.85,5.775,"69,88M","-0,43%"
14/09/2023,5.825,5.825,5.875,5.775,"59,13M","-0,43%"
15/09/2023,5.925,5.9,5.975,5.85,"165,11M","1,72%"
18/09/2023,5.9,5.9,5.95,5.875,"53,45M","-0,42%"
19/09/2023,6.0,5.9,6.075,5.875,"93,89M","1,69%"
20/09/2023,6.075,6.1,6.125,6.05,"64,86M","1,25%"
21/09/2023,6.0,6.05,6.075,5.975,"60,54M","-1,23%"
22/09/2023,6.0,6.0,6.05,5.975,"51,07M","0,00%"
25/09/2023,6.0,6.0,6.05,5.975,"40,71M","0,00%"
26/09/2023,5.925,5.975,6.0,5.85,"109,79M","-1,25%"
27/09/2023,6.0,5.925,6.05,5.9,"75,05M","1,27%"
29/09/2023,6.025,6.05,6.05,6.0,"71,56M","0,42%"
02/10/2023,6.05,6.025,6.1,6.025,"33,30M","0,41%"
03/10/2023,6.075,6.0,6.075,6.0,"37,14M","0,41%"
04/10/2023,6.125,6.075,6.125,5.975,"69,15M","0,82%"
05/10/2023,6.125,6.15,6.2,6.1,"69,57M","0,00%"
06/10/2023,6.025,6.15,6.15,6.025,"25,91M","-1,63%"
09/10/2023,5.9,6.025,6.05,5.9,"45,32M","-2,07%"
10/10/2023,6.0,5.9,6.075,5.9,"48,85M","1,69%"
11/10/2023,6.05,5.95,6.175,5.95,"72,96M","0,83%"
12/10/2023,6.075,6.075,6.175,6.05,"91,34M","0,41%"
13/10/2023,6.075,6.075,6.15,6.025,"39,91M","0,00%"
16/10/2023,6.025,6.025,6.075,5.975,"60,41M","-0,82%"
17/10/2023,6.0,6.0,6.025,5.925,"74,70M","-0,41%"
18/10/2023,5.85,5.925,5.95,5.825,"91,87M","-2,50%"
19/10/2023,5.725,5.775,5.8,5.7,"160,28M","-2,14%"
20/10/2023,5.75,5.675,5.8,5.65,"98,53M","0,44%"
23/10/2023,5.675,5.7,5.725,5.625,"73,90M","-1,30%"
24/10/2023,5.75,5.7,5.8,5.675,"72,47M","1,32%"
25/10/2023,5.85,5.825,5.9,5.775,"90,43M","1,74%"
26/10/2023,5.7,5.8,5.85,5.7,"86,35M","-2,56%"
27/10/2023,5.7,5.75,5.775,5.7,"90,18M","0,00%"
30/10/2023,5.725,5.7,5.725,5.625,"81,55M","0,44%"
31/10/2023,5.675,5.8,5.85,5.65,"99,45M","-0,87%"
01/11/2023,5.65,5.7,5.7,5.625,"74,28M","-0,44%"
02/11/2023,5.9,5.75,5.925,5.725,"115,68M","4,42%"
03/11/2023,5.825,5.925,5.975,5.825,"53,38M","-1,27%"
06/11/2023,5.925,5.9,5.925,5.85,"58,27M","1,72%"
07/11/2023,5.875,5.95,5.975,5.8,"56,16M","-0,84%"
08/11/2023,5.85,5.775,5.85,5.725,"63,55M","-0,43%"
09/11/2023,5.875,5.825,5.9,5.8,"45,03M","0,43%"
10/11/2023,5.775,5.85,5.85,5.775,"59,61M","-1,70%"
13/11/2023,5.825,5.85,5.85,5.8,"22,08M","0,87%"
14/11/2023,5.825,5.825,5.9,5.8,"50,59M","0,00%"
15/11/2023,5.925,5.9,5.975,5.875,"74,26M","1,72%"
16/11/2023,5.925,5.85,5.925,5.825,"54,30M","0,00%"
17/11/2023,5.9,5.875,5.95,5.85,"33,96M","-0,42%"
20/11/2023,5.875,5.825,5.925,5.825,"27,06M","-0,42%"
21/11/2023,5.875,5.85,5.925,5.825,"55,09M","0,00%"
22/11/2023,5.875,5.825,5.9,5.825,"21,11M","0,00%"
23/11/2023,5.9,5.95,5.95,5.9,"36,73M","0,43%"
24/11/2023,5.875,5.925,5.925,5.85,"33,28M","-0,42%"
27/11/2023,5.9,5.9,5.925,5.875,"39,72M","0,43%"
28/11/2023,5.9,5.9,5.925,5.875,"58,26M","0,00%"
29/11/2023,5.85,5.85,5.925,5.825,"36,80M","-0,85%"
30/11/2023,5.85,5.85,5.925,5.825,"117,37M","0,00%"
01/12/2023,5.9,5.85,5.9,5.825,"31,37M","0,85%"
04/12/2023,6.0,5.925,6.025,5.9,"66,16M","1,69%"
05/12/2023,5.975,6.0,6.0,5.875,"58,67M","-0,42%"
06/12/2023,5.8,5.925,5.95,5.8,"88,75M","-2,93%"
07/12/2023,5.75,5.8,5.825,5.725,"97,97M","-0,86%"
08/12/2023,5.7,5.75,5.775,5.65,"98,04M","-0,87%"
11/12/2023,5.775,5.65,5.8,5.65,"68,66M","1,32%"
12/12/2023,5.8,5.8,5.825,5.75,"55,11M","0,43%"
13/12/2023,5.725,5.75,5.775,5.7,"121,45M","-1,29%"
14/12/2023,5.95,5.825,6.025,5.8,"189,38M","3,93%"
15/12/2023,5.9,5.95,6.0,5.9,"142,38M","-0,84%"
18/12/2023,5.925,5.85,5.95,5.85,"101,46M","0,42%"
19/12/2023,5.975,5.95,5.975,5.925,"54,00M","0,84%"
20/12/2023,5.925,5.9,5.975,5.9,"65,36M","-0,84%"
21/12/2023,5.975,5.95,5.975,5.925,"50,36M","0,84%"
22/12/2023,5.975,5.95,5.975,5.925,"29,98M","0,00%"
27/12/2023,6.0,6.0,6.025,5.925,"48,70M","0,42%"
28/12/2023,6.125,6.05,6.15,6.0,"75,12M","2,08%"
29/12/2023,6.05,6.125,6.125,6.0,"63,10M","-1,22%"
02/01/2024,6.125,6.05,6.125,6.025,"26,24M","1,24%"
03/01/2024,6.1,6.1,6.15,6.05,"30,05M","-0,41%"
04/01/2024,6.35,6.125,6.4,6.1,"152,51M","4,10%"
05/01/2024,6.425,6.4,6.475,6.35,"114,34M","1,18%"
08/01/2024,6.4,6.5,6.6,6.375,"151,02M","-0,39%"
09/01/2024,6.375,6.425,6.45,6.35,"77,95M","-0,39%"
10/01/2024,6.425,6.375,6.45,6.325,"50,02M","0,78%"
11/01/2024,6.45,6.425,6.5,6.4,"41,46M","0,39%"
12/01/2024,6.575,6.575,6.675,6.525,"114,04M","1,94%"
15/01/2024,6.5,6.575,6.625,6.475,"83,07M","-1,14%"
16/01/2024,6.525,6.525,6.625,6.5,"83,52M","0,38%"
17/01/2024,6.525,6.525,6.625,6.5,"80,93M","0,00%"
18/01/2024,6.525,6.525,6.55,6.475,"78,21M","0,00%"
19/01/2024,6.525,6.5,6.525,6.425,"74,81M","0,00%"
22/01/2024,6.5,6.5,6.55,6.45,"96,99M","-0,38%"
23/01/2024,6.5,6.525,6.55,6.45,"77,04M","0,00%"
24/01/2024,6.4,6.45,6.475,6.35,"97,29M","-1,54%"
25/01/2024,6.275,6.325,6.4,6.25,"99,09M","-1,95%"
26/01/2024,6.3,6.25,6.325,6.225,"77,24M","0,40%"
29/01/2024,6.475,6.35,6.475,6.275,"124,75M","2,78%"
30/01/2024,6.65,6.475,6.7,6.45,"123,33M","2,70%"
31/01/2024,6.65,6.65,6.7,6.65,"128,19M","0,00%"
01/02/2024,6.55,6.575,6.625,6.5,"168,15M","-1,50%"
02/02/2024,6.675,6.625,6.675,6.6,"120,12M","1,91%"
05/02/2024,6.825,6.7,6.95,6.675,"150,54M","2,25%"
06/02/2024,6.85,6.825,6.925,6.775,"90,15M","0,37%"
07/02/2024,6.95,6.875,6.95,6.85,"89,76M","1,46%"
12/02/2024,7.1,7.15,7.2,7.05,"183,78M","2,16%"
13/02/2024,7.025,7.1,7.125,7.025,"102,67M","-1,06%"
15/02/2024,7.2,7.3,7.375,7.15,"220,53M","2,49%"
16/02/2024,7.2,7.375,7.4,7.2,"142,02M","0,00%"
19/02/2024,7.15,7.15,7.325,7.125,"83,75M","-0,69%"
20/02/2024,7.15,7.25,7.25,7.15,"87,31M","0,00%"
21/02/2024,7.25,7.125,7.25,7.075,"130,26M","1,40%"
22/02/2024,7.1,7.175,7.2,7.1,"85,74M","-2,07%"
23/02/2024,7.05,7.05,7.1,7.0,"109,40M","-0,70%"
26/02/2024,7.05,6.95,7.075,6.95,"77,21M","0,00%"
27/02/2024,7.075,6.975,7.1,6.975,"58,07M","0,35%"
28/02/2024,7.125,7.025,7.125,7.025,"59,74M","0,71%"
29/02/2024,7.0,7.125,7.15,7.0,"150,73M","-1,75%"
01/03/2024,7.025,7.05,7.075,6.975,"90,74M","0,36%"
04/03/2024,7.025,7.0,7.05,6.975,"44,71M","0,00%"
05/03/2024,7.025,7.075,7.1,7.0,"92,56M","0,00%"
06/03/2024,7.075,7.0,7.1,7.0,"74,18M","0,71%"
07/03/2024,7.1,7.075,7.125,7.025,"94,95M","0,35%"
08/03/2024,7.125,7.15,7.175,7.1,"109,03M","0,35%"
13/03/2024,7.275,7.25,7.275,7.15,"126,02M","2,11%"
14/03/2024,7.4,7.25,7.4,7.225,"161,19M","1,72%"
15/03/2024,7.4,7.45,7.5,7.275,"250,58M","0,00%"
18/03/2024,7.175,7.425,7.425,7.175,"105,78M","-3,04%"
19/03/2024,7.275,7.25,7.35,7.225,"100,84M","1,39%"
20/03/2024,7.05,7.05,7.05,7.0,"83,42M","-3,09%"
21/03/2024,7.05,7.1,7.2,7.05,"81,77M","0,00%"
22/03/2024,7.05,7.0,7.075,6.95,"87,32M","0,00%"
25/03/2024,7.25,7.05,7.25,7.0,"78,21M","2,84%"
26/03/2024,7.175,7.125,7.225,7.125,"74,27M","-1,03%"
27/03/2024,7.175,7.2,7.25,7.175,"46,30M","0,00%"
28/03/2024,7.25,7.15,7.25,7.125,"90,90M","1,05%"
01/04/2024,6.9,7.25,7.25,6.75,"158,36M","-4,83%"
02/04/2024,6.9,6.9,6.9,6.7,"135,76M","0,00%"
03/04/2024,6.775,6.95,6.95,6.675,"115,37M","-1,81%"
04/04/2024,6.875,6.75,6.925,6.75,"64,42M","1,48%"
05/04/2024,6.825,6.825,6.9,6.825,"46,11M","-0,73%"
16/04/2024,6.625,6.35,6.725,6.3,"180,01M","-2,93%"
17/04/2024,6.625,6.7,6.775,6.625,"83,84M","0,00%"
18/04/2024,6.8,6.8,6.9,6.725,"106,89M","2,64%"
19/04/2024,6.725,6.725,6.8,6.65,"47,94M","-1,10%"
22/04/2024,6.725,6.875,6.875,6.575,"121,73M","0,00%"
23/04/2024,6.825,6.85,6.925,6.725,"107,63M","1,49%"
24/04/2024,7.05,6.925,7.05,6.9,"117,59M","3,30%"
25/04/2024,6.95,7.05,7.075,6.925,"111,80M","-1,42%"
26/04/2024,6.75,7.0,7.025,6.75,"125,88M","-2,88%"
29/04/2024,6.925,6.65,6.95,6.65,"77,94M","2,59%"
30/04/2024,6.9,6.8,7.05,6.775,"189,99M","-0,36%"
02/05/2024,6.325,6.8,6.8,6.05,"501,85M","-8,33%"
03/05/2024,6.15,6.3,6.425,6.05,"270,53M","-2,77%"
06/05/2024,6.275,6.25,6.4,6.15,"184,23M","2,03%"
07/05/2024,6.275,6.325,6.4,6.25,"130,41M","0,00%"
08/05/2024,6.275,6.325,6.45,6.25,"117,07M","0,00%"
13/05/2024,6.2,6.2,6.275,6.125,"128,64M","-1,20%"
14/05/2024,6.2,6.175,6.3,6.175,"94,05M","0,00%"
15/05/2024,6.375,6.2,6.4,6.2,"80,92M","2,82%"
16/05/2024,6.35,6.45,6.5,6.325,"114,81M","-0,39%"
17/05/2024,6.575,6.35,6.65,6.35,"133,15M","3,54%"
20/05/2024,6.325,6.55,6.625,6.2,"168,80M","-3,80%"
21/05/2024,6.025,6.225,6.275,5.975,"308,55M","-4,74%"
22/05/2024,6.05,6.0,6.15,5.95,"171,68M","0,41%"
27/05/2024,5.825,6.025,6.05,5.825,"258,45M","-3,72%"
28/05/2024,5.95,5.85,6.025,5.825,"93,70M","2,15%"
29/05/2024,5.8,5.825,5.875,5.7,"169,39M","-2,52%"
30/05/2024,5.875,5.775,6.0,5.525,"236,63M","1,29%"
31/05/2024,5.9,6.0,6.025,5.9,"169,57M","0,43%"
03/06/2024,6.1,6.075,6.15,6.025,"92,53M","3,39%"
04/06/2024,6.15,6.15,6.275,6.125,"137,80M","0,82%"
05/06/2024,6.0,6.125,6.15,5.975,"105,17M","-2,44%"
06/06/2024,6.175,6.125,6.2,6.075,"85,74M","2,92%"
07/06/2024,6.275,6.25,6.275,6.15,"99,09M","1,62%"
10/06/2024,6.275,6.275,6.35,6.2,"80,15M","0,00%"
11/06/2024,6.125,6.2,6.25,6.125,"56,25M","-2,39%"
12/06/2024,5.925,6.05,6.075,5.9,"120,86M","-3,27%"
13/06/2024,5.875,5.975,6.0,5.85,"162,62M","-0,84%"
14/06/2024,5.75,5.85,5.875,5.65,"203,24M","-2,13%"
19/06/2024,5.75,5.775,5.85,5.675,"116,00M","0,00%"
20/06/2024,5.95,5.825,5.95,5.75,"82,66M","3,48%"
21/06/2024,6.125,6.05,6.2,6.025,"188,72M","2,94%"
24/06/2024,6.0,6.075,6.125,6.0,"58,83M","-2,04%"
25/06/2024,5.925,5.925,5.975,5.825,"159,98M","-1,25%"
26/06/2024,5.85,5.95,6.025,5.85,"92,90M","-1,27%"
27/06/2024,6.0,5.9,6.075,5.875,"117,60M","2,56%"
28/06/2024,6.15,6.0,6.25,6.0,"191,37M","2,50%"
01/07/2024,6.25,6.175,6.25,6.1,"100,41M","1,63%"
02/07/2024,6.2,6.275,6.35,6.15,"159,36M","-0,80%"
03/07/2024,6.225,6.275,6.3,6.1,"70,02M","0,40%"
04/07/2024,6.25,6.25,6.4,6.225,"90,15M","0,40%"
05/07/2024,6.425,6.325,6.5,6.3,"111,65M","2,80%"
08/07/2024,6.225,6.4,6.425,6.2,"138,14M","-3,11%"
09/07/2024,6.375,6.225,6.4,6.2,"84,18M","2,41%"
10/07/2024,6.375,6.375,6.45,6.3,"59,69M","0,00%"
11/07/2024,6.4,6.4,6.425,6.35,"66,80M","0,39%"
12/07/2024,6.425,6.45,6.55,6.4,"146,67M","0,39%"
15/07/2024,6.35,6.45,6.45,6.3,"66,07M","-1,17%"
16/07/2024,6.35,6.4,6.4,6.3,"64,69M","0,00%"
17/07/2024,6.45,6.45,6.525,6.375,"109,73M","1,57%"
18/07/2024,6.55,6.55,6.6,6.5,"132,53M","1,55%"
19/07/2024,6.525,6.5,6.525,6.45,"63,17M","-0,38%"
22/07/2024,6.7,6.575,6.7,6.525,"110,47M","2,68%"
23/07/2024,6.625,6.75,6.75,6.55,"77,86M","-1,12%"
24/07/2024,6.475,6.5,6.575,6.475,"63,94M","-2,26%"
25/07/2024,6.575,6.45,6.575,6.4,"66,66M","1,54%"
26/07/2024,6.55,6.575,6.625,6.5,"76,52M","-0,38%"
29/07/2024,6.475,6.55,6.55,6.45,"54,44M","-1,15%"
30/07/2024,6.475,6.475,6.55,6.375,"87,54M","0,00%"
31/07/2024,6.4,6.4,6.475,6.375,"99,00M","-1,16%"
01/08/2024,6.75,6.55,6.75,6.5,"163,09M","5,47%"
02/08/2024,6.8,6.7,6.875,6.675,"167,89M","0,74%"
05/08/2024,6.575,6.7,6.725,6.5,"184,38M","-3,31%"
06/08/2024,6.625,6.65,6.7,6.525,"95,79M","0,76%"
07/08/2024,6.775,6.725,6.775,6.65,"84,63M","2,26%"
08/08/2024,6.8,6.8,6.85,6.725,"81,41M","0,37%"
09/08/2024,6.85,6.825,6.9,6.8,"79,71M","0,74%"
12/08/2024,6.9,6.875,6.9,6.775,"50,76M","0,73%"
13/08/2024,7.0,6.85,7.0,6.85,"68,67M","1,45%"
14/08/2024,7.075,7.075,7.1,7.025,"97,70M","1,07%"
15/08/2024,7.025,7.075,7.075,6.925,"75,96M","-0,71%"
16/08/2024,7.075,7.075,7.125,7.025,"64,27M","0,71%"
19/08/2024,7.15,7.075,7.15,7.025,"50,25M","1,06%"
20/08/2024,7.2,7.2,7.35,7.15,"102,62M","0,70%"
21/08/2024,7.25,7.3,7.3,7.225,"88,49M","0,69%"
22/08/2024,7.05,7.15,7.175,6.925,"157,32M","-2,76%"
23/08/2024,7.05,7.0,7.075,6.975,"111,75M","0,00%"
26/08/2024,7.05,7.05,7.1,7.0,"78,52M","0,00%"
27/08/2024,7.025,7.025,7.05,6.925,"91,69M","-0,35%"
28/08/2024,7.225,7.025,7.225,7.0,"114,61M","2,85%"
29/08/2024,7.1,7.3,7.3,7.1,"94,48M","-1,73%"
30/08/2024,7.125,7.1,7.175,7.075,"153,76M","0,35%"
02/09/2024,7.2,7.2,7.275,7.125,"82,18M","1,05%"
03/09/2024,7.075,7.2,7.25,7.05,"75,10M","-1,74%"
04/09/2024,7.175,7.0,7.175,7.0,"78,79M","1,41%"
05/09/2024,7.175,7.125,7.225,7.125,"59,43M","0,00%"
06/09/2024,7.25,7.175,7.275,7.15,"63,62M","1,05%"
09/09/2024,7.25,7.25,7.25,7.2,"71,43M","0,00%"
10/09/2024,7.25,7.25,7.275,7.225,"73,52M","0,00%"
11/09/2024,7.375,7.3,7.4,7.275,"91,82M","1,72%"
12/09/2024,7.3,7.375,7.425,7.3,"68,25M","-1,02%"
13/09/2024,7.275,7.3,7.3,7.225,"45,85M","-0,34%"
17/09/2024,7.425,7.325,7.45,7.3,"96,43M","2,06%"
18/09/2024,7.4,7.375,7.45,7.35,"47,28M","-0,34%"
19/09/2024,7.4,7.45,7.55,7.4,"124,38M","0,00%"
20/09/2024,7.3,7.4,7.425,7.3,"97,90M","-1,35%"
23/09/2024,7.45,7.325,7.45,7.3,"79,68M","2,05%"
24/09/2024,7.425,7.4,7.475,7.375,"81,82M","-0,34%"
25/09/2024,7.2,7.35,7.35,7.05,"192,20M","-3,03%"
26/09/2024,7.175,7.175,7.2,7.1,"173,04M","-0,35%"
27/09/2024,7.05,7.025,7.125,7.0,"161,41M","-1,74%"
30/09/2024,6.925,7.0,7.025,6.875,"166,20M","-1,77%"
01/10/2024,7.05,7.0,7.075,6.95,"82,69M","1,81%"
02/10/2024,6.975,7.025,7.1,6.925,"91,08M","-1,06%"
03/10/2024,7.05,7.0,7.075,6.9,"86,26M","1,08%"
04/10/2024,6.95,7.025,7.05,6.9,"79,49M","-1,42%"
07/10/2024,6.875,6.925,6.925,6.8,"103,94M","-1,08%"
08/10/2024,7.075,6.825,7.175,6.775,"132,14M","2,91%"
09/10/2024,6.95,7.075,7.175,6.95,"76,52M","-1,77%"
10/10/2024,6.95,6.925,7.05,6.9,"44,29M","0,00%"
11/10/2024,6.95,7.025,7.025,6.925,"45,33M","0,00%"
14/10/2024,6.925,6.925,6.975,6.9,"55,89M","-0,36%"
15/10/2024,7.05,7.0,7.1,6.925,"90,36M","1,81%"
16/10/2024,7.0,7.05,7.075,6.925,"133,02M","-0,71%"
17/10/2024,7.225,7.05,7.25,7.0,"90,22M","3,21%"
18/10/2024,7.175,7.275,7.3,7.175,"57,38M","-0,69%"
21/10/2024,7.2,7.25,7.25,7.125,"43,06M","0,35%"
22/10/2024,7.075,7.15,7.175,7.075,"43,58M","-1,74%"
23/10/2024,7.075,7.075,7.125,7.025,"38,22M","0,00%"
24/10/2024,6.975,7.0,7.15,6.975,"65,88M","-1,41%"
25/10/2024,7.05,6.975,7.05,6.975,"34,64M","1,08%"
28/10/2024,6.825,7.075,7.075,6.8,"114,50M","-3,19%"
29/10/2024,6.825,6.8,6.85,6.725,"91,27M","0,00%"
30/10/2024,6.75,6.575,6.775,6.575,"122,13M","-1,10%"
31/10/2024,6.7,6.75,6.825,6.7,"126,73M","-0,74%"
01/11/2024,6.65,6.725,6.725,6.55,"101,42M","-0,75%"
04/11/2024,6.75,6.6,6.8,6.525,"80,21M","1,50%"
05/11/2024,6.925,6.725,6.95,6.675,"88,66M","2,59%"
06/11/2024,6.55,6.925,6.925,6.55,"147,27M","-5,42%"
07/11/2024,6.425,6.5,6.55,6.425,"154,76M","-1,91%"
08/11/2024,6.325,6.425,6.525,6.275,"192,68M","-1,56%"
11/11/2024,6.35,6.3,6.45,6.15,"125,61M","0,40%"
12/11/2024,6.375,6.375,6.45,6.325,"117,28M","0,39%"
13/11/2024,6.425,6.5,6.55,6.4,"102,75M","0,78%"
14/11/2024,6.375,6.375,6.475,6.35,"69,75M","-0,78%"
15/11/2024,6.35,6.3,6.4,6.3,"41,08M","-0,39%"
18/11/2024,6.325,6.35,6.425,6.225,"80,65M","-0,39%"
19/11/2024,6.25,6.375,6.375,6.225,"95,50M","-1,19%"
20/11/2024,6.225,6.325,6.35,6.2,"68,71M","-0,40%"
21/11/2024,6.15,6.225,6.225,6.125,"76,58M","-1,20%"
22/11/2024,6.25,6.125,6.3,6.1,"80,24M","1,63%"
25/11/2024,6.575,6.325,6.6,6.325,"183,45M","5,20%"
26/11/2024,6.4,6.6,6.6,6.325,"107,19M","-2,66%"
28/11/2024,6.45,6.35,6.525,6.35,"81,88M","0,78%"
29/11/2024,6.15,6.325,6.375,6.125,"157,63M","-4,65%"
02/12/2024,6.0,6.175,6.25,5.975,"114,56M","-2,44%"
03/12/2024,6.275,6.1,6.275,6.1,"99,51M","4,58%"
04/12/2024,6.375,6.275,6.45,6.225,"75,26M","1,59%"
05/12/2024,6.15,6.35,6.375,6.15,"69,53M","-3,53%"
06/12/2024,6.225,6.2,6.275,6.125,"75,99M","1,22%"
09/12/2024,6.375,6.175,6.375,6.175,"74,22M","2,41%"
10/12/2024,6.3,6.275,6.325,6.225,"92,25M","-1,18%"
11/12/2024,6.3,6.3,6.4,6.3,"62,51M","0,00%"
12/12/2024,6.125,6.2,6.225,6.1,"96,71M","-2,78%"
13/12/2024,6.025,6.025,6.1,5.975,"135,58M","-1,63%"
16/12/2024,6.075,5.9,6.1,5.9,"105,38M","0,83%"
17/12/2024,5.95,6.05,6.075,5.925,"72,11M","-2,06%"
18/12/2024,5.825,5.925,6.0,5.775,"153,16M","-2,10%"
19/12/2024,5.675,5.625,5.725,5.6,"277,79M","-2,58%"
20/12/2024,5.675,5.675,5.75,5.625,"148,57M","0,00%"
23/12/2024,5.825,5.8,5.875,5.725,"82,91M","2,64%"
24/12/2024,5.75,5.825,5.875,5.75,"41,24M","-1,29%"
27/12/2024,5.8,5.75,5.85,5.75,"46,13M","0,87%"
30/12/2024,5.7,5.675,5.75,5.65,"96,78M","-1,72%"
02/01/2025,5.85,5.7,5.85,5.7,"82,91M","2,63%"
03/01/2025,5.8,5.85,5.875,5.775,"58,07M","-0,85%"
06/01/2025,5.675,5.825,5.825,5.65,"68,44M","-2,16%"
07/01/2025,5.6,5.6,5.65,5.55,"96,98M","-1,32%"
08/01/2025,5.75,5.6,5.75,5.6,"118,25M","2,68%"
09/01/2025,5.75,5.725,5.775,5.7,"56,49M","0,00%"
10/01/2025,5.6,5.75,5.775,5.6,"77,75M","-2,61%"
13/01/2025,5.525,5.5,5.55,5.475,"99,95M","-1,34%"
14/01/2025,5.4,5.425,5.575,5.4,"97,35M","-2,26%"
15/01/2025,5.75,5.475,5.825,5.45,"194,03M","6,48%"
16/01/2025,5.875,6.075,6.2,5.85,"204,36M","2,17%"
17/01/2025,5.875,5.8,6.05,5.75,"114,05M","0,00%"
20/01/2025,6.0,6.0,6.05,5.925,"84,34M","2,13%"
21/01/2025,6.05,6.1,6.175,6.025,"115,36M","0,83%"
22/01/2025,6.15,6.15,6.2,6.1,"117,93M","1,65%"
23/01/2025,6.175,6.2,6.3,6.175,"120,89M","0,41%"
24/01/2025,6.125,6.25,6.25,6.125,"96,16M","-0,81%"
30/01/2025,6.1,6.1,6.225,6.075,"101,40M","-0,41%"
31/01/2025,6.025,6.175,6.225,6.025,"107,86M","-1,23%"
03/02/2025,5.8,5.975,6.0,5.7,"182,18M","-3,73%"
04/02/2025,5.675,5.825,5.85,5.625,"121,87M","-2,16%"
05/02/2025,5.525,5.575,5.6,5.475,"112,10M","-2,64%"
